<?xml version="1.0" encoding="UTF-8"?>
<GenRun Id="synth_1" LaunchPart="xc7a75tfgg484-1" LaunchTime="1695708534">
  <File Type="PA-TCL" Name="bools.tcl"/>
  <File Type="RDS-PROPCONSTRS" Name="bools_drc_synth.rpt"/>
  <File Type="REPORTS-TCL" Name="bools_reports.tcl"/>
  <File Type="RDS-RDS" Name="bools.vds"/>
  <File Type="RDS-UTIL" Name="bools_utilization_synth.rpt"/>
  <File Type="RDS-UTIL-PB" Name="bools_utilization_synth.pb"/>
  <File Type="RDS-DCP" Name="bools.dcp"/>
  <File Type="VDS-TIMINGSUMMARY" Name="bools_timing_summary_synth.rpt"/>
  <File Type="VDS-TIMING-PB" Name="bools_timing_summary_synth.pb"/>
  <FileSet Name="sources" Type="DesignSrcs" RelSrcDir="$PSRCDIR/sources_1">
    <Filter Type="Srcs"/>
    <File Path="$PSRCDIR/sources_1/new/bools.v">
      <FileInfo>
        <Attr Name="UsedIn" Val="synthesis"/>
        <Attr Name="UsedIn" Val="implementation"/>
        <Attr Name="UsedIn" Val="simulation"/>
      </FileInfo>
    </File>
    <Config>
      <Option Name="DesignMode" Val="RTL"/>
      <Option Name="TopModule" Val="bools"/>
      <Option Name="TopAutoSet" Val="TRUE"/>
    </Config>
  </FileSet>
  <FileSet Name="constrs_in" Type="Constrs" RelSrcDir="$PSRCDIR/constrs_1">
    <Filter Type="Constrs"/>
    <File Path="$PSRCDIR/constrs_1/new/bfb.xdc">
      <FileInfo>
        <Attr Name="UsedIn" Val="synthesis"/>
        <Attr Name="UsedIn" Val="implementation"/>
      </FileInfo>
    </File>
    <Config>
      <Option Name="TargetConstrsFile" Val="$PSRCDIR/constrs_1/new/bfb.xdc"/>
      <Option Name="ConstrsType" Val="XDC"/>
    </Config>
  </FileSet>
  <Strategy Version="1" Minor="2">
    <StratHandle Name="Vivado Synthesis Defaults" Flow="Vivado Synthesis 2017"/>
    <Step Id="synth_design"/>
  </Strategy>
</GenRun>
