<?xml version="1.0" encoding="UTF-8"?>
<GenRun Id="impl_1" LaunchPart="xc7a75tfgg484-1" LaunchTime="1698701308">
  <File Type="PWROPT-DCP" Name="sevenseg_pwropt.dcp"/>
  <File Type="ROUTE-PWR" Name="sevenseg_power_routed.rpt"/>
  <File Type="PA-TCL" Name="sevenseg.tcl"/>
  <File Type="ROUTE-PWR-SUM" Name="sevenseg_power_summary_routed.pb"/>
  <File Type="REPORTS-TCL" Name="sevenseg_reports.tcl"/>
  <File Type="BG-DRC" Name="sevenseg.drc"/>
  <File Type="OPT-METHODOLOGY-DRC" Name="sevenseg_methodology_drc_opted.rpt"/>
  <File Type="INIT-TIMING" Name="sevenseg_timing_summary_init.rpt"/>
  <File Type="OPT-HWDEF" Name="sevenseg.hwdef"/>
  <File Type="OPT-DCP" Name="sevenseg_opt.dcp"/>
  <File Type="OPT-DRC" Name="sevenseg_drc_opted.rpt"/>
  <File Type="OPT-TIMING" Name="sevenseg_timing_summary_opted.rpt"/>
  <File Type="PWROPT-DRC" Name="sevenseg_drc_pwropted.rpt"/>
  <File Type="PWROPT-TIMING" Name="sevenseg_timing_summary_pwropted.rpt"/>
  <File Type="PLACE-DCP" Name="sevenseg_placed.dcp"/>
  <File Type="PLACE-IO" Name="sevenseg_io_placed.rpt"/>
  <File Type="PLACE-CLK" Name="sevenseg_clock_utilization_placed.rpt"/>
  <File Type="PLACE-UTIL" Name="sevenseg_utilization_placed.rpt"/>
  <File Type="PLACE-UTIL-PB" Name="sevenseg_utilization_placed.pb"/>
  <File Type="PLACE-CTRL" Name="sevenseg_control_sets_placed.rpt"/>
  <File Type="PLACE-SIMILARITY" Name="sevenseg_incremental_reuse_placed.rpt"/>
  <File Type="PLACE-PRE-SIMILARITY" Name="sevenseg_incremental_reuse_pre_placed.rpt"/>
  <File Type="PLACE-TIMING" Name="sevenseg_timing_summary_placed.rpt"/>
  <File Type="POSTPLACE-PWROPT-DCP" Name="sevenseg_postplace_pwropt.dcp"/>
  <File Type="POSTPLACE-PWROPT-TIMING" Name="sevenseg_timing_summary_postplace_pwropted.rpt"/>
  <File Type="PHYSOPT-DCP" Name="sevenseg_physopt.dcp"/>
  <File Type="PHYSOPT-DRC" Name="sevenseg_drc_physopted.rpt"/>
  <File Type="BG-BIT" Name="sevenseg.bit"/>
  <File Type="PHYSOPT-TIMING" Name="sevenseg_timing_summary_physopted.rpt"/>
  <File Type="ROUTE-ERROR-DCP" Name="sevenseg_routed_error.dcp"/>
  <File Type="ROUTE-DCP" Name="sevenseg_routed.dcp"/>
  <File Type="ROUTE-BLACKBOX-DCP" Name="sevenseg_routed_bb.dcp"/>
  <File Type="ROUTE-DRC" Name="sevenseg_drc_routed.rpt"/>
  <File Type="ROUTE-DRC-PB" Name="sevenseg_drc_routed.pb"/>
  <File Type="BITSTR-MSK" Name="sevenseg.msk"/>
  <File Type="ROUTE-DRC-RPX" Name="sevenseg_drc_routed.rpx"/>
  <File Type="BG-BGN" Name="sevenseg.bgn"/>
  <File Type="ROUTE-METHODOLOGY-DRC" Name="sevenseg_methodology_drc_routed.rpt"/>
  <File Type="BITSTR-RBT" Name="sevenseg.rbt"/>
  <File Type="ROUTE-METHODOLOGY-DRC-RPX" Name="sevenseg_methodology_drc_routed.rpx"/>
  <File Type="BG-BIN" Name="sevenseg.bin"/>
  <File Type="ROUTE-METHODOLOGY-DRC-PB" Name="sevenseg_methodology_drc_routed.pb"/>
  <File Type="ROUTE-PWR-RPX" Name="sevenseg_power_routed.rpx"/>
  <File Type="ROUTE-STATUS" Name="sevenseg_route_status.rpt"/>
  <File Type="ROUTE-STATUS-PB" Name="sevenseg_route_status.pb"/>
  <File Type="ROUTE-TIMINGSUMMARY" Name="sevenseg_timing_summary_routed.rpt"/>
  <File Type="ROUTE-TIMING-PB" Name="sevenseg_timing_summary_routed.pb"/>
  <File Type="ROUTE-TIMING-RPX" Name="sevenseg_timing_summary_routed.rpx"/>
  <File Type="ROUTE-SIMILARITY" Name="sevenseg_incremental_reuse_routed.rpt"/>
  <File Type="RDI-RDI" Name="sevenseg.vdi"/>
  <File Type="ROUTE-CLK" Name="sevenseg_clock_utilization_routed.rpt"/>
  <File Type="POSTROUTE-PHYSOPT-DCP" Name="sevenseg_postroute_physopt.dcp"/>
  <File Type="POSTROUTE-PHYSOPT-BLACKBOX-DCP" Name="sevenseg_postroute_physopt_bb.dcp"/>
  <File Type="POSTROUTE-PHYSOPT-TIMING" Name="sevenseg_timing_summary_postroute_physopted.rpt"/>
  <File Type="POSTROUTE-PHYSOPT-TIMING-PB" Name="sevenseg_timing_summary_postroute_physopted.pb"/>
  <File Type="POSTROUTE-PHYSOPT-TIMING-RPX" Name="sevenseg_timing_summary_postroute_physopted.rpx"/>
  <File Type="BITSTR-NKY" Name="sevenseg.nky"/>
  <File Type="BITSTR-BMM" Name="sevenseg_bd.bmm"/>
  <File Type="BITSTR-MMI" Name="sevenseg.mmi"/>
  <File Type="BITSTR-LTX" Name="debug_nets.ltx"/>
  <File Type="BITSTR-LTX" Name="sevenseg.ltx"/>
  <File Type="BITSTR-SYSDEF" Name="sevenseg.sysdef"/>
  <File Type="WBT-USG" Name="usage_statistics_webtalk.html"/>
  <FileSet Name="sources" Type="DesignSrcs" RelSrcDir="$PSRCDIR/sources_1">
    <Filter Type="Srcs"/>
    <File Path="$PSRCDIR/sources_1/new/sevenseg.v">
      <FileInfo>
        <Attr Name="UsedIn" Val="synthesis"/>
        <Attr Name="UsedIn" Val="implementation"/>
        <Attr Name="UsedIn" Val="simulation"/>
      </FileInfo>
    </File>
    <Config>
      <Option Name="DesignMode" Val="RTL"/>
      <Option Name="TopModule" Val="sevenseg"/>
      <Option Name="TopAutoSet" Val="TRUE"/>
    </Config>
  </FileSet>
  <FileSet Name="constrs_in" Type="Constrs" RelSrcDir="$PSRCDIR/constrs_1">
    <Filter Type="Constrs"/>
    <File Path="$PSRCDIR/constrs_1/new/sevenseg.xdc">
      <FileInfo>
        <Attr Name="UsedIn" Val="synthesis"/>
        <Attr Name="UsedIn" Val="implementation"/>
      </FileInfo>
    </File>
    <Config>
      <Option Name="TargetConstrsFile" Val="$PSRCDIR/constrs_1/new/sevenseg.xdc"/>
      <Option Name="ConstrsType" Val="XDC"/>
    </Config>
  </FileSet>
  <Strategy Version="1" Minor="2">
    <StratHandle Name="Vivado Implementation Defaults" Flow="Vivado Implementation 2017">
      <Desc>Default settings for Implementation.</Desc>
    </StratHandle>
    <Step Id="init_design"/>
    <Step Id="opt_design"/>
    <Step Id="power_opt_design"/>
    <Step Id="place_design"/>
    <Step Id="post_place_power_opt_design"/>
    <Step Id="phys_opt_design"/>
    <Step Id="route_design"/>
    <Step Id="post_route_phys_opt_design"/>
    <Step Id="write_bitstream"/>
  </Strategy>
</GenRun>
