<?xml version="1.0" encoding="UTF-8"?>
<GenRun Id="impl_1" LaunchPart="xc7a75tfgg484-1" LaunchTime="1695708534">
  <File Type="PWROPT-DCP" Name="bools_pwropt.dcp"/>
  <File Type="ROUTE-PWR" Name="bools_power_routed.rpt"/>
  <File Type="PA-TCL" Name="bools.tcl"/>
  <File Type="ROUTE-PWR-SUM" Name="bools_power_summary_routed.pb"/>
  <File Type="REPORTS-TCL" Name="bools_reports.tcl"/>
  <File Type="BG-DRC" Name="bools.drc"/>
  <File Type="OPT-METHODOLOGY-DRC" Name="bools_methodology_drc_opted.rpt"/>
  <File Type="INIT-TIMING" Name="bools_timing_summary_init.rpt"/>
  <File Type="OPT-HWDEF" Name="bools.hwdef"/>
  <File Type="OPT-DCP" Name="bools_opt.dcp"/>
  <File Type="OPT-DRC" Name="bools_drc_opted.rpt"/>
  <File Type="OPT-TIMING" Name="bools_timing_summary_opted.rpt"/>
  <File Type="PWROPT-DRC" Name="bools_drc_pwropted.rpt"/>
  <File Type="PWROPT-TIMING" Name="bools_timing_summary_pwropted.rpt"/>
  <File Type="PLACE-DCP" Name="bools_placed.dcp"/>
  <File Type="PLACE-IO" Name="bools_io_placed.rpt"/>
  <File Type="PLACE-CLK" Name="bools_clock_utilization_placed.rpt"/>
  <File Type="PLACE-UTIL" Name="bools_utilization_placed.rpt"/>
  <File Type="PLACE-UTIL-PB" Name="bools_utilization_placed.pb"/>
  <File Type="PLACE-CTRL" Name="bools_control_sets_placed.rpt"/>
  <File Type="PLACE-SIMILARITY" Name="bools_incremental_reuse_placed.rpt"/>
  <File Type="PLACE-PRE-SIMILARITY" Name="bools_incremental_reuse_pre_placed.rpt"/>
  <File Type="PLACE-TIMING" Name="bools_timing_summary_placed.rpt"/>
  <File Type="POSTPLACE-PWROPT-DCP" Name="bools_postplace_pwropt.dcp"/>
  <File Type="POSTPLACE-PWROPT-TIMING" Name="bools_timing_summary_postplace_pwropted.rpt"/>
  <File Type="PHYSOPT-DCP" Name="bools_physopt.dcp"/>
  <File Type="PHYSOPT-DRC" Name="bools_drc_physopted.rpt"/>
  <File Type="BG-BIT" Name="bools.bit"/>
  <File Type="PHYSOPT-TIMING" Name="bools_timing_summary_physopted.rpt"/>
  <File Type="ROUTE-ERROR-DCP" Name="bools_routed_error.dcp"/>
  <File Type="ROUTE-DCP" Name="bools_routed.dcp"/>
  <File Type="ROUTE-BLACKBOX-DCP" Name="bools_routed_bb.dcp"/>
  <File Type="ROUTE-DRC" Name="bools_drc_routed.rpt"/>
  <File Type="ROUTE-DRC-PB" Name="bools_drc_routed.pb"/>
  <File Type="BITSTR-MSK" Name="bools.msk"/>
  <File Type="ROUTE-DRC-RPX" Name="bools_drc_routed.rpx"/>
  <File Type="BG-BGN" Name="bools.bgn"/>
  <File Type="ROUTE-METHODOLOGY-DRC" Name="bools_methodology_drc_routed.rpt"/>
  <File Type="BITSTR-RBT" Name="bools.rbt"/>
  <File Type="ROUTE-METHODOLOGY-DRC-RPX" Name="bools_methodology_drc_routed.rpx"/>
  <File Type="BG-BIN" Name="bools.bin"/>
  <File Type="ROUTE-METHODOLOGY-DRC-PB" Name="bools_methodology_drc_routed.pb"/>
  <File Type="ROUTE-PWR-RPX" Name="bools_power_routed.rpx"/>
  <File Type="ROUTE-STATUS" Name="bools_route_status.rpt"/>
  <File Type="ROUTE-STATUS-PB" Name="bools_route_status.pb"/>
  <File Type="ROUTE-TIMINGSUMMARY" Name="bools_timing_summary_routed.rpt"/>
  <File Type="ROUTE-TIMING-PB" Name="bools_timing_summary_routed.pb"/>
  <File Type="ROUTE-TIMING-RPX" Name="bools_timing_summary_routed.rpx"/>
  <File Type="ROUTE-SIMILARITY" Name="bools_incremental_reuse_routed.rpt"/>
  <File Type="RDI-RDI" Name="bools.vdi"/>
  <File Type="ROUTE-CLK" Name="bools_clock_utilization_routed.rpt"/>
  <File Type="POSTROUTE-PHYSOPT-DCP" Name="bools_postroute_physopt.dcp"/>
  <File Type="POSTROUTE-PHYSOPT-BLACKBOX-DCP" Name="bools_postroute_physopt_bb.dcp"/>
  <File Type="POSTROUTE-PHYSOPT-TIMING" Name="bools_timing_summary_postroute_physopted.rpt"/>
  <File Type="POSTROUTE-PHYSOPT-TIMING-PB" Name="bools_timing_summary_postroute_physopted.pb"/>
  <File Type="POSTROUTE-PHYSOPT-TIMING-RPX" Name="bools_timing_summary_postroute_physopted.rpx"/>
  <File Type="BITSTR-NKY" Name="bools.nky"/>
  <File Type="BITSTR-BMM" Name="bools_bd.bmm"/>
  <File Type="BITSTR-MMI" Name="bools.mmi"/>
  <File Type="BITSTR-LTX" Name="debug_nets.ltx"/>
  <File Type="BITSTR-LTX" Name="bools.ltx"/>
  <File Type="BITSTR-SYSDEF" Name="bools.sysdef"/>
  <File Type="WBT-USG" Name="usage_statistics_webtalk.html"/>
  <FileSet Name="sources" Type="DesignSrcs" RelSrcDir="$PSRCDIR/sources_1">
    <Filter Type="Srcs"/>
    <File Path="$PSRCDIR/sources_1/new/bools.v">
      <FileInfo>
        <Attr Name="UsedIn" Val="synthesis"/>
        <Attr Name="UsedIn" Val="implementation"/>
        <Attr Name="UsedIn" Val="simulation"/>
      </FileInfo>
    </File>
    <Config>
      <Option Name="DesignMode" Val="RTL"/>
      <Option Name="TopModule" Val="bools"/>
      <Option Name="TopAutoSet" Val="TRUE"/>
    </Config>
  </FileSet>
  <FileSet Name="constrs_in" Type="Constrs" RelSrcDir="$PSRCDIR/constrs_1">
    <Filter Type="Constrs"/>
    <File Path="$PSRCDIR/constrs_1/new/bfb.xdc">
      <FileInfo>
        <Attr Name="UsedIn" Val="synthesis"/>
        <Attr Name="UsedIn" Val="implementation"/>
      </FileInfo>
    </File>
    <Config>
      <Option Name="TargetConstrsFile" Val="$PSRCDIR/constrs_1/new/bfb.xdc"/>
      <Option Name="ConstrsType" Val="XDC"/>
    </Config>
  </FileSet>
  <Strategy Version="1" Minor="2">
    <StratHandle Name="Vivado Implementation Defaults" Flow="Vivado Implementation 2017"/>
    <Step Id="init_design"/>
    <Step Id="opt_design"/>
    <Step Id="power_opt_design"/>
    <Step Id="place_design"/>
    <Step Id="post_place_power_opt_design"/>
    <Step Id="phys_opt_design"/>
    <Step Id="route_design"/>
    <Step Id="post_route_phys_opt_design"/>
    <Step Id="write_bitstream"/>
  </Strategy>
</GenRun>
