<?xml version="1.0" encoding="UTF-8"?>
<GenRun Id="impl_1" LaunchPart="xc7a75tfgg484-1" LaunchTime="1695709273">
  <File Type="PWROPT-DCP" Name="boolfa_pwropt.dcp"/>
  <File Type="ROUTE-PWR" Name="boolfa_power_routed.rpt"/>
  <File Type="PA-TCL" Name="boolfa.tcl"/>
  <File Type="ROUTE-PWR-SUM" Name="boolfa_power_summary_routed.pb"/>
  <File Type="REPORTS-TCL" Name="boolfa_reports.tcl"/>
  <File Type="BG-DRC" Name="boolfa.drc"/>
  <File Type="OPT-METHODOLOGY-DRC" Name="boolfa_methodology_drc_opted.rpt"/>
  <File Type="INIT-TIMING" Name="boolfa_timing_summary_init.rpt"/>
  <File Type="OPT-HWDEF" Name="boolfa.hwdef"/>
  <File Type="OPT-DCP" Name="boolfa_opt.dcp"/>
  <File Type="OPT-DRC" Name="boolfa_drc_opted.rpt"/>
  <File Type="OPT-TIMING" Name="boolfa_timing_summary_opted.rpt"/>
  <File Type="PWROPT-DRC" Name="boolfa_drc_pwropted.rpt"/>
  <File Type="PWROPT-TIMING" Name="boolfa_timing_summary_pwropted.rpt"/>
  <File Type="PLACE-DCP" Name="boolfa_placed.dcp"/>
  <File Type="PLACE-IO" Name="boolfa_io_placed.rpt"/>
  <File Type="PLACE-CLK" Name="boolfa_clock_utilization_placed.rpt"/>
  <File Type="PLACE-UTIL" Name="boolfa_utilization_placed.rpt"/>
  <File Type="PLACE-UTIL-PB" Name="boolfa_utilization_placed.pb"/>
  <File Type="PLACE-CTRL" Name="boolfa_control_sets_placed.rpt"/>
  <File Type="PLACE-SIMILARITY" Name="boolfa_incremental_reuse_placed.rpt"/>
  <File Type="PLACE-PRE-SIMILARITY" Name="boolfa_incremental_reuse_pre_placed.rpt"/>
  <File Type="PLACE-TIMING" Name="boolfa_timing_summary_placed.rpt"/>
  <File Type="POSTPLACE-PWROPT-DCP" Name="boolfa_postplace_pwropt.dcp"/>
  <File Type="POSTPLACE-PWROPT-TIMING" Name="boolfa_timing_summary_postplace_pwropted.rpt"/>
  <File Type="PHYSOPT-DCP" Name="boolfa_physopt.dcp"/>
  <File Type="PHYSOPT-DRC" Name="boolfa_drc_physopted.rpt"/>
  <File Type="BG-BIT" Name="boolfa.bit"/>
  <File Type="PHYSOPT-TIMING" Name="boolfa_timing_summary_physopted.rpt"/>
  <File Type="ROUTE-ERROR-DCP" Name="boolfa_routed_error.dcp"/>
  <File Type="ROUTE-DCP" Name="boolfa_routed.dcp"/>
  <File Type="ROUTE-BLACKBOX-DCP" Name="boolfa_routed_bb.dcp"/>
  <File Type="ROUTE-DRC" Name="boolfa_drc_routed.rpt"/>
  <File Type="ROUTE-DRC-PB" Name="boolfa_drc_routed.pb"/>
  <File Type="BITSTR-MSK" Name="boolfa.msk"/>
  <File Type="ROUTE-DRC-RPX" Name="boolfa_drc_routed.rpx"/>
  <File Type="BG-BGN" Name="boolfa.bgn"/>
  <File Type="ROUTE-METHODOLOGY-DRC" Name="boolfa_methodology_drc_routed.rpt"/>
  <File Type="BITSTR-RBT" Name="boolfa.rbt"/>
  <File Type="ROUTE-METHODOLOGY-DRC-RPX" Name="boolfa_methodology_drc_routed.rpx"/>
  <File Type="BG-BIN" Name="boolfa.bin"/>
  <File Type="ROUTE-METHODOLOGY-DRC-PB" Name="boolfa_methodology_drc_routed.pb"/>
  <File Type="ROUTE-PWR-RPX" Name="boolfa_power_routed.rpx"/>
  <File Type="ROUTE-STATUS" Name="boolfa_route_status.rpt"/>
  <File Type="ROUTE-STATUS-PB" Name="boolfa_route_status.pb"/>
  <File Type="ROUTE-TIMINGSUMMARY" Name="boolfa_timing_summary_routed.rpt"/>
  <File Type="ROUTE-TIMING-PB" Name="boolfa_timing_summary_routed.pb"/>
  <File Type="ROUTE-TIMING-RPX" Name="boolfa_timing_summary_routed.rpx"/>
  <File Type="ROUTE-SIMILARITY" Name="boolfa_incremental_reuse_routed.rpt"/>
  <File Type="RDI-RDI" Name="boolfa.vdi"/>
  <File Type="ROUTE-CLK" Name="boolfa_clock_utilization_routed.rpt"/>
  <File Type="POSTROUTE-PHYSOPT-DCP" Name="boolfa_postroute_physopt.dcp"/>
  <File Type="POSTROUTE-PHYSOPT-BLACKBOX-DCP" Name="boolfa_postroute_physopt_bb.dcp"/>
  <File Type="POSTROUTE-PHYSOPT-TIMING" Name="boolfa_timing_summary_postroute_physopted.rpt"/>
  <File Type="POSTROUTE-PHYSOPT-TIMING-PB" Name="boolfa_timing_summary_postroute_physopted.pb"/>
  <File Type="POSTROUTE-PHYSOPT-TIMING-RPX" Name="boolfa_timing_summary_postroute_physopted.rpx"/>
  <File Type="BITSTR-NKY" Name="boolfa.nky"/>
  <File Type="BITSTR-BMM" Name="boolfa_bd.bmm"/>
  <File Type="BITSTR-MMI" Name="boolfa.mmi"/>
  <File Type="BITSTR-LTX" Name="debug_nets.ltx"/>
  <File Type="BITSTR-LTX" Name="boolfa.ltx"/>
  <File Type="BITSTR-SYSDEF" Name="boolfa.sysdef"/>
  <File Type="WBT-USG" Name="usage_statistics_webtalk.html"/>
  <FileSet Name="sources" Type="DesignSrcs" RelSrcDir="$PSRCDIR/sources_1">
    <Filter Type="Srcs"/>
    <File Path="$PSRCDIR/sources_1/new/boolfa.v">
      <FileInfo>
        <Attr Name="UsedIn" Val="synthesis"/>
        <Attr Name="UsedIn" Val="implementation"/>
        <Attr Name="UsedIn" Val="simulation"/>
      </FileInfo>
    </File>
    <Config>
      <Option Name="DesignMode" Val="RTL"/>
      <Option Name="TopModule" Val="boolfa"/>
      <Option Name="TopAutoSet" Val="TRUE"/>
    </Config>
  </FileSet>
  <FileSet Name="constrs_in" Type="Constrs" RelSrcDir="$PSRCDIR/constrs_1">
    <Filter Type="Constrs"/>
    <File Path="$PSRCDIR/constrs_1/new/boolfa.xdc">
      <FileInfo>
        <Attr Name="UsedIn" Val="synthesis"/>
        <Attr Name="UsedIn" Val="implementation"/>
      </FileInfo>
    </File>
    <Config>
      <Option Name="TargetConstrsFile" Val="$PSRCDIR/constrs_1/new/boolfa.xdc"/>
      <Option Name="ConstrsType" Val="XDC"/>
    </Config>
  </FileSet>
  <Strategy Version="1" Minor="2">
    <StratHandle Name="Vivado Implementation Defaults" Flow="Vivado Implementation 2017">
      <Desc>Default settings for Implementation.</Desc>
    </StratHandle>
    <Step Id="init_design"/>
    <Step Id="opt_design"/>
    <Step Id="power_opt_design"/>
    <Step Id="place_design"/>
    <Step Id="post_place_power_opt_design"/>
    <Step Id="phys_opt_design"/>
    <Step Id="route_design"/>
    <Step Id="post_route_phys_opt_design"/>
    <Step Id="write_bitstream"/>
  </Strategy>
</GenRun>
