<?xml version="1.0" encoding="UTF-8"?>
<GenRun Id="impl_1" LaunchPart="xc7a75tfgg484-1" LaunchTime="1700520727">
  <File Type="PWROPT-DCP" Name="DF_pwropt.dcp"/>
  <File Type="ROUTE-PWR" Name="DF_power_routed.rpt"/>
  <File Type="PA-TCL" Name="DF.tcl"/>
  <File Type="ROUTE-PWR-SUM" Name="DF_power_summary_routed.pb"/>
  <File Type="REPORTS-TCL" Name="DF_reports.tcl"/>
  <File Type="BG-DRC" Name="DF.drc"/>
  <File Type="OPT-METHODOLOGY-DRC" Name="DF_methodology_drc_opted.rpt"/>
  <File Type="INIT-TIMING" Name="DF_timing_summary_init.rpt"/>
  <File Type="OPT-HWDEF" Name="DF.hwdef"/>
  <File Type="OPT-DCP" Name="DF_opt.dcp"/>
  <File Type="OPT-DRC" Name="DF_drc_opted.rpt"/>
  <File Type="OPT-TIMING" Name="DF_timing_summary_opted.rpt"/>
  <File Type="PWROPT-DRC" Name="DF_drc_pwropted.rpt"/>
  <File Type="PWROPT-TIMING" Name="DF_timing_summary_pwropted.rpt"/>
  <File Type="PLACE-DCP" Name="DF_placed.dcp"/>
  <File Type="PLACE-IO" Name="DF_io_placed.rpt"/>
  <File Type="PLACE-CLK" Name="DF_clock_utilization_placed.rpt"/>
  <File Type="PLACE-UTIL" Name="DF_utilization_placed.rpt"/>
  <File Type="PLACE-UTIL-PB" Name="DF_utilization_placed.pb"/>
  <File Type="PLACE-CTRL" Name="DF_control_sets_placed.rpt"/>
  <File Type="PLACE-SIMILARITY" Name="DF_incremental_reuse_placed.rpt"/>
  <File Type="PLACE-PRE-SIMILARITY" Name="DF_incremental_reuse_pre_placed.rpt"/>
  <File Type="PLACE-TIMING" Name="DF_timing_summary_placed.rpt"/>
  <File Type="POSTPLACE-PWROPT-DCP" Name="DF_postplace_pwropt.dcp"/>
  <File Type="POSTPLACE-PWROPT-TIMING" Name="DF_timing_summary_postplace_pwropted.rpt"/>
  <File Type="PHYSOPT-DCP" Name="DF_physopt.dcp"/>
  <File Type="PHYSOPT-DRC" Name="DF_drc_physopted.rpt"/>
  <File Type="BG-BIT" Name="DF.bit"/>
  <File Type="PHYSOPT-TIMING" Name="DF_timing_summary_physopted.rpt"/>
  <File Type="ROUTE-ERROR-DCP" Name="DF_routed_error.dcp"/>
  <File Type="ROUTE-DCP" Name="DF_routed.dcp"/>
  <File Type="ROUTE-BLACKBOX-DCP" Name="DF_routed_bb.dcp"/>
  <File Type="ROUTE-DRC" Name="DF_drc_routed.rpt"/>
  <File Type="ROUTE-DRC-PB" Name="DF_drc_routed.pb"/>
  <File Type="BITSTR-MSK" Name="DF.msk"/>
  <File Type="ROUTE-DRC-RPX" Name="DF_drc_routed.rpx"/>
  <File Type="BG-BGN" Name="DF.bgn"/>
  <File Type="ROUTE-METHODOLOGY-DRC" Name="DF_methodology_drc_routed.rpt"/>
  <File Type="BITSTR-RBT" Name="DF.rbt"/>
  <File Type="ROUTE-METHODOLOGY-DRC-RPX" Name="DF_methodology_drc_routed.rpx"/>
  <File Type="BG-BIN" Name="DF.bin"/>
  <File Type="ROUTE-METHODOLOGY-DRC-PB" Name="DF_methodology_drc_routed.pb"/>
  <File Type="ROUTE-PWR-RPX" Name="DF_power_routed.rpx"/>
  <File Type="ROUTE-STATUS" Name="DF_route_status.rpt"/>
  <File Type="ROUTE-STATUS-PB" Name="DF_route_status.pb"/>
  <File Type="ROUTE-TIMINGSUMMARY" Name="DF_timing_summary_routed.rpt"/>
  <File Type="ROUTE-TIMING-PB" Name="DF_timing_summary_routed.pb"/>
  <File Type="ROUTE-TIMING-RPX" Name="DF_timing_summary_routed.rpx"/>
  <File Type="ROUTE-SIMILARITY" Name="DF_incremental_reuse_routed.rpt"/>
  <File Type="RDI-RDI" Name="DF.vdi"/>
  <File Type="ROUTE-CLK" Name="DF_clock_utilization_routed.rpt"/>
  <File Type="POSTROUTE-PHYSOPT-DCP" Name="DF_postroute_physopt.dcp"/>
  <File Type="POSTROUTE-PHYSOPT-BLACKBOX-DCP" Name="DF_postroute_physopt_bb.dcp"/>
  <File Type="POSTROUTE-PHYSOPT-TIMING" Name="DF_timing_summary_postroute_physopted.rpt"/>
  <File Type="POSTROUTE-PHYSOPT-TIMING-PB" Name="DF_timing_summary_postroute_physopted.pb"/>
  <File Type="POSTROUTE-PHYSOPT-TIMING-RPX" Name="DF_timing_summary_postroute_physopted.rpx"/>
  <File Type="BITSTR-NKY" Name="DF.nky"/>
  <File Type="BITSTR-BMM" Name="DF_bd.bmm"/>
  <File Type="BITSTR-MMI" Name="DF.mmi"/>
  <File Type="BITSTR-LTX" Name="debug_nets.ltx"/>
  <File Type="BITSTR-LTX" Name="DF.ltx"/>
  <File Type="BITSTR-SYSDEF" Name="DF.sysdef"/>
  <File Type="WBT-USG" Name="usage_statistics_webtalk.html"/>
  <FileSet Name="sources" Type="DesignSrcs" RelSrcDir="$PSRCDIR/sources_1">
    <Filter Type="Srcs"/>
    <File Path="$PSRCDIR/sources_1/new/DF.v">
      <FileInfo>
        <Attr Name="UsedIn" Val="synthesis"/>
        <Attr Name="UsedIn" Val="implementation"/>
        <Attr Name="UsedIn" Val="simulation"/>
      </FileInfo>
    </File>
    <Config>
      <Option Name="DesignMode" Val="RTL"/>
      <Option Name="TopModule" Val="DF"/>
      <Option Name="TopAutoSet" Val="TRUE"/>
    </Config>
  </FileSet>
  <FileSet Name="constrs_in" Type="Constrs" RelSrcDir="$PSRCDIR/constrs_1">
    <Filter Type="Constrs"/>
    <File Path="$PSRCDIR/constrs_1/new/DF.xdc">
      <FileInfo>
        <Attr Name="UsedIn" Val="synthesis"/>
        <Attr Name="UsedIn" Val="implementation"/>
      </FileInfo>
    </File>
    <Config>
      <Option Name="ConstrsType" Val="XDC"/>
    </Config>
  </FileSet>
  <Strategy Version="1" Minor="2">
    <StratHandle Name="Vivado Implementation Defaults" Flow="Vivado Implementation 2017">
      <Desc>Default settings for Implementation.</Desc>
    </StratHandle>
    <Step Id="init_design"/>
    <Step Id="opt_design"/>
    <Step Id="power_opt_design"/>
    <Step Id="place_design"/>
    <Step Id="post_place_power_opt_design"/>
    <Step Id="phys_opt_design"/>
    <Step Id="route_design"/>
    <Step Id="post_route_phys_opt_design"/>
    <Step Id="write_bitstream"/>
  </Strategy>
</GenRun>
