<?xml version="1.0" encoding="UTF-8"?>
<GenRun Id="impl_1" LaunchPart="xc7a75tfgg484-1" LaunchTime="1701762251">
  <File Type="ROUTE-PWR" Name="udc_power_routed.rpt"/>
  <File Type="PA-TCL" Name="udc.tcl"/>
  <File Type="PWROPT-DCP" Name="udc_pwropt.dcp"/>
  <File Type="ROUTE-PWR-SUM" Name="udc_power_summary_routed.pb"/>
  <File Type="REPORTS-TCL" Name="udc_reports.tcl"/>
  <File Type="BG-DRC" Name="udc.drc"/>
  <File Type="OPT-HWDEF" Name="udc.hwdef"/>
  <File Type="OPT-DCP" Name="udc_opt.dcp"/>
  <File Type="OPT-DRC" Name="udc_drc_opted.rpt"/>
  <File Type="PLACE-DCP" Name="udc_placed.dcp"/>
  <File Type="PLACE-IO" Name="udc_io_placed.rpt"/>
  <File Type="PLACE-UTIL" Name="udc_utilization_placed.rpt"/>
  <File Type="PLACE-UTIL-PB" Name="udc_utilization_placed.pb"/>
  <File Type="PLACE-CTRL" Name="udc_control_sets_placed.rpt"/>
  <File Type="PLACE-PRE-SIMILARITY" Name="udc_incremental_reuse_pre_placed.rpt"/>
  <File Type="POSTPLACE-PWROPT-DCP" Name="udc_postplace_pwropt.dcp"/>
  <File Type="PHYSOPT-DCP" Name="udc_physopt.dcp"/>
  <File Type="BG-BIT" Name="udc.bit"/>
  <File Type="ROUTE-ERROR-DCP" Name="udc_routed_error.dcp"/>
  <File Type="ROUTE-DCP" Name="udc_routed.dcp"/>
  <File Type="ROUTE-BLACKBOX-DCP" Name="udc_routed_bb.dcp"/>
  <File Type="ROUTE-DRC" Name="udc_drc_routed.rpt"/>
  <File Type="ROUTE-DRC-PB" Name="udc_drc_routed.pb"/>
  <File Type="ROUTE-DRC-RPX" Name="udc_drc_routed.rpx"/>
  <File Type="BITSTR-MSK" Name="udc.msk"/>
  <File Type="ROUTE-METHODOLOGY-DRC" Name="udc_methodology_drc_routed.rpt"/>
  <File Type="BG-BGN" Name="udc.bgn"/>
  <File Type="ROUTE-METHODOLOGY-DRC-RPX" Name="udc_methodology_drc_routed.rpx"/>
  <File Type="BITSTR-RBT" Name="udc.rbt"/>
  <File Type="ROUTE-METHODOLOGY-DRC-PB" Name="udc_methodology_drc_routed.pb"/>
  <File Type="BG-BIN" Name="udc.bin"/>
  <File Type="ROUTE-PWR-RPX" Name="udc_power_routed.rpx"/>
  <File Type="ROUTE-STATUS" Name="udc_route_status.rpt"/>
  <File Type="ROUTE-STATUS-PB" Name="udc_route_status.pb"/>
  <File Type="ROUTE-TIMINGSUMMARY" Name="udc_timing_summary_routed.rpt"/>
  <File Type="ROUTE-TIMING-PB" Name="udc_timing_summary_routed.pb"/>
  <File Type="ROUTE-TIMING-RPX" Name="udc_timing_summary_routed.rpx"/>
  <File Type="ROUTE-CLK" Name="udc_clock_utilization_routed.rpt"/>
  <File Type="RDI-RDI" Name="udc.vdi"/>
  <File Type="POSTROUTE-PHYSOPT-DCP" Name="udc_postroute_physopt.dcp"/>
  <File Type="POSTROUTE-PHYSOPT-BLACKBOX-DCP" Name="udc_postroute_physopt_bb.dcp"/>
  <File Type="BITSTR-NKY" Name="udc.nky"/>
  <File Type="BITSTR-BMM" Name="udc_bd.bmm"/>
  <File Type="BITSTR-MMI" Name="udc.mmi"/>
  <File Type="BITSTR-LTX" Name="udc.ltx"/>
  <File Type="BITSTR-SYSDEF" Name="udc.sysdef"/>
  <File Type="WBT-USG" Name="usage_statistics_webtalk.html"/>
  <FileSet Name="sources" Type="DesignSrcs" RelSrcDir="$PSRCDIR/sources_1">
    <Filter Type="Srcs"/>
    <File Path="$PSRCDIR/sources_1/new/udc.v">
      <FileInfo>
        <Attr Name="UsedIn" Val="synthesis"/>
        <Attr Name="UsedIn" Val="implementation"/>
        <Attr Name="UsedIn" Val="simulation"/>
      </FileInfo>
    </File>
    <Config>
      <Option Name="DesignMode" Val="RTL"/>
      <Option Name="TopModule" Val="udc"/>
      <Option Name="TopAutoSet" Val="TRUE"/>
    </Config>
  </FileSet>
  <FileSet Name="constrs_in" Type="Constrs" RelSrcDir="$PSRCDIR/constrs_1">
    <Filter Type="Constrs"/>
    <File Path="$PSRCDIR/constrs_1/new/udc.xdc">
      <FileInfo>
        <Attr Name="UsedIn" Val="synthesis"/>
        <Attr Name="UsedIn" Val="implementation"/>
      </FileInfo>
    </File>
    <Config>
      <Option Name="TargetConstrsFile" Val="$PSRCDIR/constrs_1/new/udc.xdc"/>
      <Option Name="ConstrsType" Val="XDC"/>
    </Config>
  </FileSet>
  <Strategy Version="1" Minor="2">
    <StratHandle Name="Vivado Implementation Defaults" Flow="Vivado Implementation 2017"/>
    <Step Id="init_design"/>
    <Step Id="opt_design"/>
    <Step Id="power_opt_design"/>
    <Step Id="place_design"/>
    <Step Id="post_place_power_opt_design"/>
    <Step Id="phys_opt_design"/>
    <Step Id="route_design"/>
    <Step Id="post_route_phys_opt_design"/>
    <Step Id="write_bitstream"/>
  </Strategy>
</GenRun>
