<?xml version="1.0" encoding="UTF-8"?>
<GenRun Id="impl_1" LaunchPart="xc7a75tfgg484-1" LaunchTime="1701157150">
  <File Type="PWROPT-DCP" Name="tfto_pwropt.dcp"/>
  <File Type="ROUTE-PWR" Name="tfto_power_routed.rpt"/>
  <File Type="PA-TCL" Name="tfto.tcl"/>
  <File Type="ROUTE-PWR-SUM" Name="tfto_power_summary_routed.pb"/>
  <File Type="REPORTS-TCL" Name="tfto_reports.tcl"/>
  <File Type="BG-DRC" Name="tfto.drc"/>
  <File Type="OPT-METHODOLOGY-DRC" Name="tfto_methodology_drc_opted.rpt"/>
  <File Type="INIT-TIMING" Name="tfto_timing_summary_init.rpt"/>
  <File Type="OPT-HWDEF" Name="tfto.hwdef"/>
  <File Type="OPT-DCP" Name="tfto_opt.dcp"/>
  <File Type="OPT-DRC" Name="tfto_drc_opted.rpt"/>
  <File Type="OPT-TIMING" Name="tfto_timing_summary_opted.rpt"/>
  <File Type="PWROPT-DRC" Name="tfto_drc_pwropted.rpt"/>
  <File Type="PWROPT-TIMING" Name="tfto_timing_summary_pwropted.rpt"/>
  <File Type="PLACE-DCP" Name="tfto_placed.dcp"/>
  <File Type="PLACE-IO" Name="tfto_io_placed.rpt"/>
  <File Type="PLACE-CLK" Name="tfto_clock_utilization_placed.rpt"/>
  <File Type="PLACE-UTIL" Name="tfto_utilization_placed.rpt"/>
  <File Type="PLACE-UTIL-PB" Name="tfto_utilization_placed.pb"/>
  <File Type="PLACE-CTRL" Name="tfto_control_sets_placed.rpt"/>
  <File Type="PLACE-SIMILARITY" Name="tfto_incremental_reuse_placed.rpt"/>
  <File Type="PLACE-PRE-SIMILARITY" Name="tfto_incremental_reuse_pre_placed.rpt"/>
  <File Type="PLACE-TIMING" Name="tfto_timing_summary_placed.rpt"/>
  <File Type="POSTPLACE-PWROPT-DCP" Name="tfto_postplace_pwropt.dcp"/>
  <File Type="POSTPLACE-PWROPT-TIMING" Name="tfto_timing_summary_postplace_pwropted.rpt"/>
  <File Type="PHYSOPT-DCP" Name="tfto_physopt.dcp"/>
  <File Type="PHYSOPT-DRC" Name="tfto_drc_physopted.rpt"/>
  <File Type="BG-BIT" Name="tfto.bit"/>
  <File Type="PHYSOPT-TIMING" Name="tfto_timing_summary_physopted.rpt"/>
  <File Type="ROUTE-ERROR-DCP" Name="tfto_routed_error.dcp"/>
  <File Type="ROUTE-DCP" Name="tfto_routed.dcp"/>
  <File Type="ROUTE-BLACKBOX-DCP" Name="tfto_routed_bb.dcp"/>
  <File Type="ROUTE-DRC" Name="tfto_drc_routed.rpt"/>
  <File Type="ROUTE-DRC-PB" Name="tfto_drc_routed.pb"/>
  <File Type="BITSTR-MSK" Name="tfto.msk"/>
  <File Type="ROUTE-DRC-RPX" Name="tfto_drc_routed.rpx"/>
  <File Type="BG-BGN" Name="tfto.bgn"/>
  <File Type="ROUTE-METHODOLOGY-DRC" Name="tfto_methodology_drc_routed.rpt"/>
  <File Type="BITSTR-RBT" Name="tfto.rbt"/>
  <File Type="ROUTE-METHODOLOGY-DRC-RPX" Name="tfto_methodology_drc_routed.rpx"/>
  <File Type="BG-BIN" Name="tfto.bin"/>
  <File Type="ROUTE-METHODOLOGY-DRC-PB" Name="tfto_methodology_drc_routed.pb"/>
  <File Type="ROUTE-PWR-RPX" Name="tfto_power_routed.rpx"/>
  <File Type="ROUTE-STATUS" Name="tfto_route_status.rpt"/>
  <File Type="ROUTE-STATUS-PB" Name="tfto_route_status.pb"/>
  <File Type="ROUTE-TIMINGSUMMARY" Name="tfto_timing_summary_routed.rpt"/>
  <File Type="ROUTE-TIMING-PB" Name="tfto_timing_summary_routed.pb"/>
  <File Type="ROUTE-TIMING-RPX" Name="tfto_timing_summary_routed.rpx"/>
  <File Type="ROUTE-SIMILARITY" Name="tfto_incremental_reuse_routed.rpt"/>
  <File Type="RDI-RDI" Name="tfto.vdi"/>
  <File Type="ROUTE-CLK" Name="tfto_clock_utilization_routed.rpt"/>
  <File Type="POSTROUTE-PHYSOPT-DCP" Name="tfto_postroute_physopt.dcp"/>
  <File Type="POSTROUTE-PHYSOPT-BLACKBOX-DCP" Name="tfto_postroute_physopt_bb.dcp"/>
  <File Type="POSTROUTE-PHYSOPT-TIMING" Name="tfto_timing_summary_postroute_physopted.rpt"/>
  <File Type="POSTROUTE-PHYSOPT-TIMING-PB" Name="tfto_timing_summary_postroute_physopted.pb"/>
  <File Type="POSTROUTE-PHYSOPT-TIMING-RPX" Name="tfto_timing_summary_postroute_physopted.rpx"/>
  <File Type="BITSTR-NKY" Name="tfto.nky"/>
  <File Type="BITSTR-BMM" Name="tfto_bd.bmm"/>
  <File Type="BITSTR-MMI" Name="tfto.mmi"/>
  <File Type="BITSTR-LTX" Name="debug_nets.ltx"/>
  <File Type="BITSTR-LTX" Name="tfto.ltx"/>
  <File Type="BITSTR-SYSDEF" Name="tfto.sysdef"/>
  <File Type="WBT-USG" Name="usage_statistics_webtalk.html"/>
  <FileSet Name="sources" Type="DesignSrcs" RelSrcDir="$PSRCDIR/sources_1">
    <Filter Type="Srcs"/>
    <File Path="$PSRCDIR/sources_1/new/tfto.v">
      <FileInfo>
        <Attr Name="UsedIn" Val="synthesis"/>
        <Attr Name="UsedIn" Val="implementation"/>
        <Attr Name="UsedIn" Val="simulation"/>
      </FileInfo>
    </File>
    <Config>
      <Option Name="DesignMode" Val="RTL"/>
      <Option Name="TopModule" Val="tfto"/>
      <Option Name="TopAutoSet" Val="TRUE"/>
    </Config>
  </FileSet>
  <FileSet Name="constrs_in" Type="Constrs" RelSrcDir="$PSRCDIR/constrs_1">
    <Filter Type="Constrs"/>
    <File Path="$PSRCDIR/constrs_1/new/tfto.xdc">
      <FileInfo>
        <Attr Name="UsedIn" Val="synthesis"/>
        <Attr Name="UsedIn" Val="implementation"/>
      </FileInfo>
    </File>
    <Config>
      <Option Name="ConstrsType" Val="XDC"/>
    </Config>
  </FileSet>
  <Strategy Version="1" Minor="2">
    <StratHandle Name="Vivado Implementation Defaults" Flow="Vivado Implementation 2017">
      <Desc>Default settings for Implementation.</Desc>
    </StratHandle>
    <Step Id="init_design"/>
    <Step Id="opt_design"/>
    <Step Id="power_opt_design"/>
    <Step Id="place_design"/>
    <Step Id="post_place_power_opt_design"/>
    <Step Id="phys_opt_design"/>
    <Step Id="route_design"/>
    <Step Id="post_route_phys_opt_design"/>
    <Step Id="write_bitstream"/>
  </Strategy>
</GenRun>
