<?xml version="1.0" encoding="UTF-8"?>
<GenRun Id="impl_1" LaunchPart="xc7a75tfgg484-1" LaunchTime="1699944375">
  <File Type="PWROPT-DCP" Name="fourpadder_pwropt.dcp"/>
  <File Type="ROUTE-PWR" Name="fourpadder_power_routed.rpt"/>
  <File Type="PA-TCL" Name="fourpadder.tcl"/>
  <File Type="ROUTE-PWR-SUM" Name="fourpadder_power_summary_routed.pb"/>
  <File Type="REPORTS-TCL" Name="fourpadder_reports.tcl"/>
  <File Type="BG-DRC" Name="fourpadder.drc"/>
  <File Type="OPT-METHODOLOGY-DRC" Name="fourpadder_methodology_drc_opted.rpt"/>
  <File Type="INIT-TIMING" Name="fourpadder_timing_summary_init.rpt"/>
  <File Type="OPT-HWDEF" Name="fourpadder.hwdef"/>
  <File Type="OPT-DCP" Name="fourpadder_opt.dcp"/>
  <File Type="OPT-DRC" Name="fourpadder_drc_opted.rpt"/>
  <File Type="OPT-TIMING" Name="fourpadder_timing_summary_opted.rpt"/>
  <File Type="PWROPT-DRC" Name="fourpadder_drc_pwropted.rpt"/>
  <File Type="PWROPT-TIMING" Name="fourpadder_timing_summary_pwropted.rpt"/>
  <File Type="PLACE-DCP" Name="fourpadder_placed.dcp"/>
  <File Type="PLACE-IO" Name="fourpadder_io_placed.rpt"/>
  <File Type="PLACE-CLK" Name="fourpadder_clock_utilization_placed.rpt"/>
  <File Type="PLACE-UTIL" Name="fourpadder_utilization_placed.rpt"/>
  <File Type="PLACE-UTIL-PB" Name="fourpadder_utilization_placed.pb"/>
  <File Type="PLACE-CTRL" Name="fourpadder_control_sets_placed.rpt"/>
  <File Type="PLACE-SIMILARITY" Name="fourpadder_incremental_reuse_placed.rpt"/>
  <File Type="PLACE-PRE-SIMILARITY" Name="fourpadder_incremental_reuse_pre_placed.rpt"/>
  <File Type="PLACE-TIMING" Name="fourpadder_timing_summary_placed.rpt"/>
  <File Type="POSTPLACE-PWROPT-DCP" Name="fourpadder_postplace_pwropt.dcp"/>
  <File Type="POSTPLACE-PWROPT-TIMING" Name="fourpadder_timing_summary_postplace_pwropted.rpt"/>
  <File Type="PHYSOPT-DCP" Name="fourpadder_physopt.dcp"/>
  <File Type="PHYSOPT-DRC" Name="fourpadder_drc_physopted.rpt"/>
  <File Type="BG-BIT" Name="fourpadder.bit"/>
  <File Type="PHYSOPT-TIMING" Name="fourpadder_timing_summary_physopted.rpt"/>
  <File Type="ROUTE-ERROR-DCP" Name="fourpadder_routed_error.dcp"/>
  <File Type="ROUTE-DCP" Name="fourpadder_routed.dcp"/>
  <File Type="ROUTE-BLACKBOX-DCP" Name="fourpadder_routed_bb.dcp"/>
  <File Type="ROUTE-DRC" Name="fourpadder_drc_routed.rpt"/>
  <File Type="ROUTE-DRC-PB" Name="fourpadder_drc_routed.pb"/>
  <File Type="BITSTR-MSK" Name="fourpadder.msk"/>
  <File Type="ROUTE-DRC-RPX" Name="fourpadder_drc_routed.rpx"/>
  <File Type="BG-BGN" Name="fourpadder.bgn"/>
  <File Type="ROUTE-METHODOLOGY-DRC" Name="fourpadder_methodology_drc_routed.rpt"/>
  <File Type="BITSTR-RBT" Name="fourpadder.rbt"/>
  <File Type="ROUTE-METHODOLOGY-DRC-RPX" Name="fourpadder_methodology_drc_routed.rpx"/>
  <File Type="BG-BIN" Name="fourpadder.bin"/>
  <File Type="ROUTE-METHODOLOGY-DRC-PB" Name="fourpadder_methodology_drc_routed.pb"/>
  <File Type="ROUTE-PWR-RPX" Name="fourpadder_power_routed.rpx"/>
  <File Type="ROUTE-STATUS" Name="fourpadder_route_status.rpt"/>
  <File Type="ROUTE-STATUS-PB" Name="fourpadder_route_status.pb"/>
  <File Type="ROUTE-TIMINGSUMMARY" Name="fourpadder_timing_summary_routed.rpt"/>
  <File Type="ROUTE-TIMING-PB" Name="fourpadder_timing_summary_routed.pb"/>
  <File Type="ROUTE-TIMING-RPX" Name="fourpadder_timing_summary_routed.rpx"/>
  <File Type="ROUTE-SIMILARITY" Name="fourpadder_incremental_reuse_routed.rpt"/>
  <File Type="RDI-RDI" Name="fourpadder.vdi"/>
  <File Type="ROUTE-CLK" Name="fourpadder_clock_utilization_routed.rpt"/>
  <File Type="POSTROUTE-PHYSOPT-DCP" Name="fourpadder_postroute_physopt.dcp"/>
  <File Type="POSTROUTE-PHYSOPT-BLACKBOX-DCP" Name="fourpadder_postroute_physopt_bb.dcp"/>
  <File Type="POSTROUTE-PHYSOPT-TIMING" Name="fourpadder_timing_summary_postroute_physopted.rpt"/>
  <File Type="POSTROUTE-PHYSOPT-TIMING-PB" Name="fourpadder_timing_summary_postroute_physopted.pb"/>
  <File Type="POSTROUTE-PHYSOPT-TIMING-RPX" Name="fourpadder_timing_summary_postroute_physopted.rpx"/>
  <File Type="BITSTR-NKY" Name="fourpadder.nky"/>
  <File Type="BITSTR-BMM" Name="fourpadder_bd.bmm"/>
  <File Type="BITSTR-MMI" Name="fourpadder.mmi"/>
  <File Type="BITSTR-LTX" Name="debug_nets.ltx"/>
  <File Type="BITSTR-LTX" Name="fourpadder.ltx"/>
  <File Type="BITSTR-SYSDEF" Name="fourpadder.sysdef"/>
  <File Type="WBT-USG" Name="usage_statistics_webtalk.html"/>
  <FileSet Name="sources" Type="DesignSrcs" RelSrcDir="$PSRCDIR/sources_1">
    <Filter Type="Srcs"/>
    <File Path="$PSRCDIR/sources_1/new/fourpadder.v">
      <FileInfo>
        <Attr Name="UsedIn" Val="synthesis"/>
        <Attr Name="UsedIn" Val="implementation"/>
        <Attr Name="UsedIn" Val="simulation"/>
      </FileInfo>
    </File>
    <Config>
      <Option Name="DesignMode" Val="RTL"/>
      <Option Name="TopModule" Val="fourpadder"/>
      <Option Name="TopAutoSet" Val="TRUE"/>
    </Config>
  </FileSet>
  <FileSet Name="constrs_in" Type="Constrs" RelSrcDir="$PSRCDIR/constrs_1">
    <Filter Type="Constrs"/>
    <File Path="$PSRCDIR/constrs_1/new/fourpadder.xdc">
      <FileInfo>
        <Attr Name="UsedIn" Val="synthesis"/>
        <Attr Name="UsedIn" Val="implementation"/>
      </FileInfo>
    </File>
    <Config>
      <Option Name="TargetConstrsFile" Val="$PSRCDIR/constrs_1/new/fourpadder.xdc"/>
      <Option Name="ConstrsType" Val="XDC"/>
    </Config>
  </FileSet>
  <Strategy Version="1" Minor="2">
    <StratHandle Name="Vivado Implementation Defaults" Flow="Vivado Implementation 2017">
      <Desc>Default settings for Implementation.</Desc>
    </StratHandle>
    <Step Id="init_design"/>
    <Step Id="opt_design"/>
    <Step Id="power_opt_design"/>
    <Step Id="place_design"/>
    <Step Id="post_place_power_opt_design"/>
    <Step Id="phys_opt_design"/>
    <Step Id="route_design"/>
    <Step Id="post_route_phys_opt_design"/>
    <Step Id="write_bitstream"/>
  </Strategy>
</GenRun>
