<?xml version="1.0" encoding="UTF-8"?>
<GenRun Id="synth_1" LaunchPart="xc7a75tfgg484-1" LaunchTime="1695709273">
  <File Type="PA-TCL" Name="boolfa.tcl"/>
  <File Type="RDS-PROPCONSTRS" Name="boolfa_drc_synth.rpt"/>
  <File Type="REPORTS-TCL" Name="boolfa_reports.tcl"/>
  <File Type="RDS-RDS" Name="boolfa.vds"/>
  <File Type="RDS-UTIL" Name="boolfa_utilization_synth.rpt"/>
  <File Type="RDS-UTIL-PB" Name="boolfa_utilization_synth.pb"/>
  <File Type="RDS-DCP" Name="boolfa.dcp"/>
  <File Type="VDS-TIMINGSUMMARY" Name="boolfa_timing_summary_synth.rpt"/>
  <File Type="VDS-TIMING-PB" Name="boolfa_timing_summary_synth.pb"/>
  <FileSet Name="sources" Type="DesignSrcs" RelSrcDir="$PSRCDIR/sources_1">
    <Filter Type="Srcs"/>
    <File Path="$PSRCDIR/sources_1/new/boolfa.v">
      <FileInfo>
        <Attr Name="UsedIn" Val="synthesis"/>
        <Attr Name="UsedIn" Val="implementation"/>
        <Attr Name="UsedIn" Val="simulation"/>
      </FileInfo>
    </File>
    <Config>
      <Option Name="DesignMode" Val="RTL"/>
      <Option Name="TopModule" Val="boolfa"/>
      <Option Name="TopAutoSet" Val="TRUE"/>
    </Config>
  </FileSet>
  <FileSet Name="constrs_in" Type="Constrs" RelSrcDir="$PSRCDIR/constrs_1">
    <Filter Type="Constrs"/>
    <File Path="$PSRCDIR/constrs_1/new/boolfa.xdc">
      <FileInfo>
        <Attr Name="UsedIn" Val="synthesis"/>
        <Attr Name="UsedIn" Val="implementation"/>
      </FileInfo>
    </File>
    <Config>
      <Option Name="TargetConstrsFile" Val="$PSRCDIR/constrs_1/new/boolfa.xdc"/>
      <Option Name="ConstrsType" Val="XDC"/>
    </Config>
  </FileSet>
  <Strategy Version="1" Minor="2">
    <StratHandle Name="Vivado Synthesis Defaults" Flow="Vivado Synthesis 2017">
      <Desc>Vivado Synthesis Defaults</Desc>
    </StratHandle>
    <Step Id="synth_design"/>
  </Strategy>
</GenRun>
