<?xml version="1.0" encoding="UTF-8"?>
<GenRun Id="impl_1" LaunchPart="xc7a75tfgg484-1" LaunchTime="1699336955">
  <File Type="PWROPT-DCP" Name="encoder_pwropt.dcp"/>
  <File Type="ROUTE-PWR" Name="encoder_power_routed.rpt"/>
  <File Type="PA-TCL" Name="encoder.tcl"/>
  <File Type="ROUTE-PWR-SUM" Name="encoder_power_summary_routed.pb"/>
  <File Type="REPORTS-TCL" Name="encoder_reports.tcl"/>
  <File Type="BG-DRC" Name="encoder.drc"/>
  <File Type="OPT-METHODOLOGY-DRC" Name="encoder_methodology_drc_opted.rpt"/>
  <File Type="INIT-TIMING" Name="encoder_timing_summary_init.rpt"/>
  <File Type="OPT-HWDEF" Name="encoder.hwdef"/>
  <File Type="OPT-DCP" Name="encoder_opt.dcp"/>
  <File Type="OPT-DRC" Name="encoder_drc_opted.rpt"/>
  <File Type="OPT-TIMING" Name="encoder_timing_summary_opted.rpt"/>
  <File Type="PWROPT-DRC" Name="encoder_drc_pwropted.rpt"/>
  <File Type="PWROPT-TIMING" Name="encoder_timing_summary_pwropted.rpt"/>
  <File Type="PLACE-DCP" Name="encoder_placed.dcp"/>
  <File Type="PLACE-IO" Name="encoder_io_placed.rpt"/>
  <File Type="PLACE-CLK" Name="encoder_clock_utilization_placed.rpt"/>
  <File Type="PLACE-UTIL" Name="encoder_utilization_placed.rpt"/>
  <File Type="PLACE-UTIL-PB" Name="encoder_utilization_placed.pb"/>
  <File Type="PLACE-CTRL" Name="encoder_control_sets_placed.rpt"/>
  <File Type="PLACE-SIMILARITY" Name="encoder_incremental_reuse_placed.rpt"/>
  <File Type="PLACE-PRE-SIMILARITY" Name="encoder_incremental_reuse_pre_placed.rpt"/>
  <File Type="PLACE-TIMING" Name="encoder_timing_summary_placed.rpt"/>
  <File Type="POSTPLACE-PWROPT-DCP" Name="encoder_postplace_pwropt.dcp"/>
  <File Type="POSTPLACE-PWROPT-TIMING" Name="encoder_timing_summary_postplace_pwropted.rpt"/>
  <File Type="PHYSOPT-DCP" Name="encoder_physopt.dcp"/>
  <File Type="PHYSOPT-DRC" Name="encoder_drc_physopted.rpt"/>
  <File Type="BG-BIT" Name="encoder.bit"/>
  <File Type="PHYSOPT-TIMING" Name="encoder_timing_summary_physopted.rpt"/>
  <File Type="ROUTE-ERROR-DCP" Name="encoder_routed_error.dcp"/>
  <File Type="ROUTE-DCP" Name="encoder_routed.dcp"/>
  <File Type="ROUTE-BLACKBOX-DCP" Name="encoder_routed_bb.dcp"/>
  <File Type="ROUTE-DRC" Name="encoder_drc_routed.rpt"/>
  <File Type="ROUTE-DRC-PB" Name="encoder_drc_routed.pb"/>
  <File Type="BITSTR-MSK" Name="encoder.msk"/>
  <File Type="ROUTE-DRC-RPX" Name="encoder_drc_routed.rpx"/>
  <File Type="BG-BGN" Name="encoder.bgn"/>
  <File Type="ROUTE-METHODOLOGY-DRC" Name="encoder_methodology_drc_routed.rpt"/>
  <File Type="BITSTR-RBT" Name="encoder.rbt"/>
  <File Type="ROUTE-METHODOLOGY-DRC-RPX" Name="encoder_methodology_drc_routed.rpx"/>
  <File Type="BG-BIN" Name="encoder.bin"/>
  <File Type="ROUTE-METHODOLOGY-DRC-PB" Name="encoder_methodology_drc_routed.pb"/>
  <File Type="ROUTE-PWR-RPX" Name="encoder_power_routed.rpx"/>
  <File Type="ROUTE-STATUS" Name="encoder_route_status.rpt"/>
  <File Type="ROUTE-STATUS-PB" Name="encoder_route_status.pb"/>
  <File Type="ROUTE-TIMINGSUMMARY" Name="encoder_timing_summary_routed.rpt"/>
  <File Type="ROUTE-TIMING-PB" Name="encoder_timing_summary_routed.pb"/>
  <File Type="ROUTE-TIMING-RPX" Name="encoder_timing_summary_routed.rpx"/>
  <File Type="ROUTE-SIMILARITY" Name="encoder_incremental_reuse_routed.rpt"/>
  <File Type="RDI-RDI" Name="encoder.vdi"/>
  <File Type="ROUTE-CLK" Name="encoder_clock_utilization_routed.rpt"/>
  <File Type="POSTROUTE-PHYSOPT-DCP" Name="encoder_postroute_physopt.dcp"/>
  <File Type="POSTROUTE-PHYSOPT-BLACKBOX-DCP" Name="encoder_postroute_physopt_bb.dcp"/>
  <File Type="POSTROUTE-PHYSOPT-TIMING" Name="encoder_timing_summary_postroute_physopted.rpt"/>
  <File Type="POSTROUTE-PHYSOPT-TIMING-PB" Name="encoder_timing_summary_postroute_physopted.pb"/>
  <File Type="POSTROUTE-PHYSOPT-TIMING-RPX" Name="encoder_timing_summary_postroute_physopted.rpx"/>
  <File Type="BITSTR-NKY" Name="encoder.nky"/>
  <File Type="BITSTR-BMM" Name="encoder_bd.bmm"/>
  <File Type="BITSTR-MMI" Name="encoder.mmi"/>
  <File Type="BITSTR-LTX" Name="debug_nets.ltx"/>
  <File Type="BITSTR-LTX" Name="encoder.ltx"/>
  <File Type="BITSTR-SYSDEF" Name="encoder.sysdef"/>
  <File Type="WBT-USG" Name="usage_statistics_webtalk.html"/>
  <FileSet Name="sources" Type="DesignSrcs" RelSrcDir="$PSRCDIR/sources_1">
    <Filter Type="Srcs"/>
    <File Path="$PSRCDIR/sources_1/new/encoder.v">
      <FileInfo>
        <Attr Name="UsedIn" Val="synthesis"/>
        <Attr Name="UsedIn" Val="implementation"/>
        <Attr Name="UsedIn" Val="simulation"/>
      </FileInfo>
    </File>
    <Config>
      <Option Name="DesignMode" Val="RTL"/>
      <Option Name="TopModule" Val="encoder"/>
      <Option Name="TopAutoSet" Val="TRUE"/>
    </Config>
  </FileSet>
  <FileSet Name="constrs_in" Type="Constrs" RelSrcDir="$PSRCDIR/constrs_1">
    <Filter Type="Constrs"/>
    <File Path="$PSRCDIR/constrs_1/new/encoder.xdc">
      <FileInfo>
        <Attr Name="UsedIn" Val="synthesis"/>
        <Attr Name="UsedIn" Val="implementation"/>
      </FileInfo>
    </File>
    <Config>
      <Option Name="TargetConstrsFile" Val="$PSRCDIR/constrs_1/new/encoder.xdc"/>
      <Option Name="ConstrsType" Val="XDC"/>
    </Config>
  </FileSet>
  <Strategy Version="1" Minor="2">
    <StratHandle Name="Vivado Implementation Defaults" Flow="Vivado Implementation 2017">
      <Desc>Default settings for Implementation.</Desc>
    </StratHandle>
    <Step Id="init_design"/>
    <Step Id="opt_design"/>
    <Step Id="power_opt_design"/>
    <Step Id="place_design"/>
    <Step Id="post_place_power_opt_design"/>
    <Step Id="phys_opt_design"/>
    <Step Id="route_design"/>
    <Step Id="post_route_phys_opt_design"/>
    <Step Id="write_bitstream"/>
  </Strategy>
</GenRun>
