<?xml version="1.0" encoding="UTF-8"?>
<GenRun Id="impl_1" LaunchPart="xc7a75tfgg484-1" LaunchTime="1701157808">
  <File Type="PWROPT-DCP" Name="fbitdeade_pwropt.dcp"/>
  <File Type="ROUTE-PWR" Name="fbitdeade_power_routed.rpt"/>
  <File Type="PA-TCL" Name="fbitdeade.tcl"/>
  <File Type="ROUTE-PWR-SUM" Name="fbitdeade_power_summary_routed.pb"/>
  <File Type="REPORTS-TCL" Name="fbitdeade_reports.tcl"/>
  <File Type="BG-DRC" Name="fbitdeade.drc"/>
  <File Type="OPT-METHODOLOGY-DRC" Name="fbitdeade_methodology_drc_opted.rpt"/>
  <File Type="INIT-TIMING" Name="fbitdeade_timing_summary_init.rpt"/>
  <File Type="OPT-HWDEF" Name="fbitdeade.hwdef"/>
  <File Type="OPT-DCP" Name="fbitdeade_opt.dcp"/>
  <File Type="OPT-DRC" Name="fbitdeade_drc_opted.rpt"/>
  <File Type="OPT-TIMING" Name="fbitdeade_timing_summary_opted.rpt"/>
  <File Type="PWROPT-DRC" Name="fbitdeade_drc_pwropted.rpt"/>
  <File Type="PWROPT-TIMING" Name="fbitdeade_timing_summary_pwropted.rpt"/>
  <File Type="PLACE-DCP" Name="fbitdeade_placed.dcp"/>
  <File Type="PLACE-IO" Name="fbitdeade_io_placed.rpt"/>
  <File Type="PLACE-CLK" Name="fbitdeade_clock_utilization_placed.rpt"/>
  <File Type="PLACE-UTIL" Name="fbitdeade_utilization_placed.rpt"/>
  <File Type="PLACE-UTIL-PB" Name="fbitdeade_utilization_placed.pb"/>
  <File Type="PLACE-CTRL" Name="fbitdeade_control_sets_placed.rpt"/>
  <File Type="PLACE-SIMILARITY" Name="fbitdeade_incremental_reuse_placed.rpt"/>
  <File Type="PLACE-PRE-SIMILARITY" Name="fbitdeade_incremental_reuse_pre_placed.rpt"/>
  <File Type="PLACE-TIMING" Name="fbitdeade_timing_summary_placed.rpt"/>
  <File Type="POSTPLACE-PWROPT-DCP" Name="fbitdeade_postplace_pwropt.dcp"/>
  <File Type="POSTPLACE-PWROPT-TIMING" Name="fbitdeade_timing_summary_postplace_pwropted.rpt"/>
  <File Type="PHYSOPT-DCP" Name="fbitdeade_physopt.dcp"/>
  <File Type="PHYSOPT-DRC" Name="fbitdeade_drc_physopted.rpt"/>
  <File Type="BG-BIT" Name="fbitdeade.bit"/>
  <File Type="PHYSOPT-TIMING" Name="fbitdeade_timing_summary_physopted.rpt"/>
  <File Type="ROUTE-ERROR-DCP" Name="fbitdeade_routed_error.dcp"/>
  <File Type="ROUTE-DCP" Name="fbitdeade_routed.dcp"/>
  <File Type="ROUTE-BLACKBOX-DCP" Name="fbitdeade_routed_bb.dcp"/>
  <File Type="ROUTE-DRC" Name="fbitdeade_drc_routed.rpt"/>
  <File Type="ROUTE-DRC-PB" Name="fbitdeade_drc_routed.pb"/>
  <File Type="BITSTR-MSK" Name="fbitdeade.msk"/>
  <File Type="ROUTE-DRC-RPX" Name="fbitdeade_drc_routed.rpx"/>
  <File Type="BG-BGN" Name="fbitdeade.bgn"/>
  <File Type="ROUTE-METHODOLOGY-DRC" Name="fbitdeade_methodology_drc_routed.rpt"/>
  <File Type="BITSTR-RBT" Name="fbitdeade.rbt"/>
  <File Type="ROUTE-METHODOLOGY-DRC-RPX" Name="fbitdeade_methodology_drc_routed.rpx"/>
  <File Type="BG-BIN" Name="fbitdeade.bin"/>
  <File Type="ROUTE-METHODOLOGY-DRC-PB" Name="fbitdeade_methodology_drc_routed.pb"/>
  <File Type="ROUTE-PWR-RPX" Name="fbitdeade_power_routed.rpx"/>
  <File Type="ROUTE-STATUS" Name="fbitdeade_route_status.rpt"/>
  <File Type="ROUTE-STATUS-PB" Name="fbitdeade_route_status.pb"/>
  <File Type="ROUTE-TIMINGSUMMARY" Name="fbitdeade_timing_summary_routed.rpt"/>
  <File Type="ROUTE-TIMING-PB" Name="fbitdeade_timing_summary_routed.pb"/>
  <File Type="ROUTE-TIMING-RPX" Name="fbitdeade_timing_summary_routed.rpx"/>
  <File Type="ROUTE-SIMILARITY" Name="fbitdeade_incremental_reuse_routed.rpt"/>
  <File Type="RDI-RDI" Name="fbitdeade.vdi"/>
  <File Type="ROUTE-CLK" Name="fbitdeade_clock_utilization_routed.rpt"/>
  <File Type="POSTROUTE-PHYSOPT-DCP" Name="fbitdeade_postroute_physopt.dcp"/>
  <File Type="POSTROUTE-PHYSOPT-BLACKBOX-DCP" Name="fbitdeade_postroute_physopt_bb.dcp"/>
  <File Type="POSTROUTE-PHYSOPT-TIMING" Name="fbitdeade_timing_summary_postroute_physopted.rpt"/>
  <File Type="POSTROUTE-PHYSOPT-TIMING-PB" Name="fbitdeade_timing_summary_postroute_physopted.pb"/>
  <File Type="POSTROUTE-PHYSOPT-TIMING-RPX" Name="fbitdeade_timing_summary_postroute_physopted.rpx"/>
  <File Type="BITSTR-NKY" Name="fbitdeade.nky"/>
  <File Type="BITSTR-BMM" Name="fbitdeade_bd.bmm"/>
  <File Type="BITSTR-MMI" Name="fbitdeade.mmi"/>
  <File Type="BITSTR-LTX" Name="debug_nets.ltx"/>
  <File Type="BITSTR-LTX" Name="fbitdeade.ltx"/>
  <File Type="BITSTR-SYSDEF" Name="fbitdeade.sysdef"/>
  <File Type="WBT-USG" Name="usage_statistics_webtalk.html"/>
  <FileSet Name="sources" Type="DesignSrcs" RelSrcDir="$PSRCDIR/sources_1">
    <Filter Type="Srcs"/>
    <File Path="$PSRCDIR/sources_1/new/fbitdeade.v">
      <FileInfo>
        <Attr Name="UsedIn" Val="synthesis"/>
        <Attr Name="UsedIn" Val="implementation"/>
        <Attr Name="UsedIn" Val="simulation"/>
      </FileInfo>
    </File>
    <Config>
      <Option Name="DesignMode" Val="RTL"/>
      <Option Name="TopModule" Val="fbitdeade"/>
      <Option Name="TopAutoSet" Val="TRUE"/>
    </Config>
  </FileSet>
  <FileSet Name="constrs_in" Type="Constrs" RelSrcDir="$PSRCDIR/constrs_1">
    <Filter Type="Constrs"/>
    <File Path="$PSRCDIR/constrs_1/new/fbitdeade.xdc">
      <FileInfo>
        <Attr Name="UsedIn" Val="synthesis"/>
        <Attr Name="UsedIn" Val="implementation"/>
      </FileInfo>
    </File>
    <Config>
      <Option Name="TargetConstrsFile" Val="$PSRCDIR/constrs_1/new/fbitdeade.xdc"/>
      <Option Name="ConstrsType" Val="XDC"/>
    </Config>
  </FileSet>
  <Strategy Version="1" Minor="2">
    <StratHandle Name="Vivado Implementation Defaults" Flow="Vivado Implementation 2017">
      <Desc>Default settings for Implementation.</Desc>
    </StratHandle>
    <Step Id="init_design"/>
    <Step Id="opt_design"/>
    <Step Id="power_opt_design"/>
    <Step Id="place_design"/>
    <Step Id="post_place_power_opt_design"/>
    <Step Id="phys_opt_design"/>
    <Step Id="route_design"/>
    <Step Id="post_route_phys_opt_design"/>
    <Step Id="write_bitstream"/>
  </Strategy>
</GenRun>
