<?xml version="1.0" encoding="UTF-8"?>
<GenRun Id="impl_1" LaunchPart="xc7a75tfgg484-1" LaunchTime="1695710264">
  <File Type="PWROPT-DCP" Name="boolf_pwropt.dcp"/>
  <File Type="ROUTE-PWR" Name="boolf_power_routed.rpt"/>
  <File Type="PA-TCL" Name="boolf.tcl"/>
  <File Type="ROUTE-PWR-SUM" Name="boolf_power_summary_routed.pb"/>
  <File Type="REPORTS-TCL" Name="boolf_reports.tcl"/>
  <File Type="BG-DRC" Name="boolf.drc"/>
  <File Type="OPT-METHODOLOGY-DRC" Name="boolf_methodology_drc_opted.rpt"/>
  <File Type="INIT-TIMING" Name="boolf_timing_summary_init.rpt"/>
  <File Type="OPT-HWDEF" Name="boolf.hwdef"/>
  <File Type="OPT-DCP" Name="boolf_opt.dcp"/>
  <File Type="OPT-DRC" Name="boolf_drc_opted.rpt"/>
  <File Type="OPT-TIMING" Name="boolf_timing_summary_opted.rpt"/>
  <File Type="PWROPT-DRC" Name="boolf_drc_pwropted.rpt"/>
  <File Type="PWROPT-TIMING" Name="boolf_timing_summary_pwropted.rpt"/>
  <File Type="PLACE-DCP" Name="boolf_placed.dcp"/>
  <File Type="PLACE-IO" Name="boolf_io_placed.rpt"/>
  <File Type="PLACE-CLK" Name="boolf_clock_utilization_placed.rpt"/>
  <File Type="PLACE-UTIL" Name="boolf_utilization_placed.rpt"/>
  <File Type="PLACE-UTIL-PB" Name="boolf_utilization_placed.pb"/>
  <File Type="PLACE-CTRL" Name="boolf_control_sets_placed.rpt"/>
  <File Type="PLACE-SIMILARITY" Name="boolf_incremental_reuse_placed.rpt"/>
  <File Type="PLACE-PRE-SIMILARITY" Name="boolf_incremental_reuse_pre_placed.rpt"/>
  <File Type="PLACE-TIMING" Name="boolf_timing_summary_placed.rpt"/>
  <File Type="POSTPLACE-PWROPT-DCP" Name="boolf_postplace_pwropt.dcp"/>
  <File Type="POSTPLACE-PWROPT-TIMING" Name="boolf_timing_summary_postplace_pwropted.rpt"/>
  <File Type="PHYSOPT-DCP" Name="boolf_physopt.dcp"/>
  <File Type="PHYSOPT-DRC" Name="boolf_drc_physopted.rpt"/>
  <File Type="BG-BIT" Name="boolf.bit"/>
  <File Type="PHYSOPT-TIMING" Name="boolf_timing_summary_physopted.rpt"/>
  <File Type="ROUTE-ERROR-DCP" Name="boolf_routed_error.dcp"/>
  <File Type="ROUTE-DCP" Name="boolf_routed.dcp"/>
  <File Type="ROUTE-BLACKBOX-DCP" Name="boolf_routed_bb.dcp"/>
  <File Type="ROUTE-DRC" Name="boolf_drc_routed.rpt"/>
  <File Type="ROUTE-DRC-PB" Name="boolf_drc_routed.pb"/>
  <File Type="BITSTR-MSK" Name="boolf.msk"/>
  <File Type="ROUTE-DRC-RPX" Name="boolf_drc_routed.rpx"/>
  <File Type="BG-BGN" Name="boolf.bgn"/>
  <File Type="ROUTE-METHODOLOGY-DRC" Name="boolf_methodology_drc_routed.rpt"/>
  <File Type="BITSTR-RBT" Name="boolf.rbt"/>
  <File Type="ROUTE-METHODOLOGY-DRC-RPX" Name="boolf_methodology_drc_routed.rpx"/>
  <File Type="BG-BIN" Name="boolf.bin"/>
  <File Type="ROUTE-METHODOLOGY-DRC-PB" Name="boolf_methodology_drc_routed.pb"/>
  <File Type="ROUTE-PWR-RPX" Name="boolf_power_routed.rpx"/>
  <File Type="ROUTE-STATUS" Name="boolf_route_status.rpt"/>
  <File Type="ROUTE-STATUS-PB" Name="boolf_route_status.pb"/>
  <File Type="ROUTE-TIMINGSUMMARY" Name="boolf_timing_summary_routed.rpt"/>
  <File Type="ROUTE-TIMING-PB" Name="boolf_timing_summary_routed.pb"/>
  <File Type="ROUTE-TIMING-RPX" Name="boolf_timing_summary_routed.rpx"/>
  <File Type="ROUTE-SIMILARITY" Name="boolf_incremental_reuse_routed.rpt"/>
  <File Type="RDI-RDI" Name="boolf.vdi"/>
  <File Type="ROUTE-CLK" Name="boolf_clock_utilization_routed.rpt"/>
  <File Type="POSTROUTE-PHYSOPT-DCP" Name="boolf_postroute_physopt.dcp"/>
  <File Type="POSTROUTE-PHYSOPT-BLACKBOX-DCP" Name="boolf_postroute_physopt_bb.dcp"/>
  <File Type="POSTROUTE-PHYSOPT-TIMING" Name="boolf_timing_summary_postroute_physopted.rpt"/>
  <File Type="POSTROUTE-PHYSOPT-TIMING-PB" Name="boolf_timing_summary_postroute_physopted.pb"/>
  <File Type="POSTROUTE-PHYSOPT-TIMING-RPX" Name="boolf_timing_summary_postroute_physopted.rpx"/>
  <File Type="BITSTR-NKY" Name="boolf.nky"/>
  <File Type="BITSTR-BMM" Name="boolf_bd.bmm"/>
  <File Type="BITSTR-MMI" Name="boolf.mmi"/>
  <File Type="BITSTR-LTX" Name="debug_nets.ltx"/>
  <File Type="BITSTR-LTX" Name="boolf.ltx"/>
  <File Type="BITSTR-SYSDEF" Name="boolf.sysdef"/>
  <File Type="WBT-USG" Name="usage_statistics_webtalk.html"/>
  <FileSet Name="sources" Type="DesignSrcs" RelSrcDir="$PSRCDIR/sources_1">
    <Filter Type="Srcs"/>
    <File Path="$PSRCDIR/sources_1/new/boolf.v">
      <FileInfo>
        <Attr Name="UsedIn" Val="synthesis"/>
        <Attr Name="UsedIn" Val="implementation"/>
        <Attr Name="UsedIn" Val="simulation"/>
      </FileInfo>
    </File>
    <Config>
      <Option Name="DesignMode" Val="RTL"/>
      <Option Name="TopModule" Val="boolf"/>
      <Option Name="TopAutoSet" Val="TRUE"/>
    </Config>
  </FileSet>
  <FileSet Name="constrs_in" Type="Constrs" RelSrcDir="$PSRCDIR/constrs_1">
    <Filter Type="Constrs"/>
    <File Path="$PSRCDIR/constrs_1/new/bfb1.xdc">
      <FileInfo>
        <Attr Name="UsedIn" Val="synthesis"/>
        <Attr Name="UsedIn" Val="implementation"/>
      </FileInfo>
    </File>
    <Config>
      <Option Name="TargetConstrsFile" Val="$PSRCDIR/constrs_1/new/bfb1.xdc"/>
      <Option Name="ConstrsType" Val="XDC"/>
    </Config>
  </FileSet>
  <Strategy Version="1" Minor="2">
    <StratHandle Name="Vivado Implementation Defaults" Flow="Vivado Implementation 2017"/>
    <Step Id="init_design"/>
    <Step Id="opt_design"/>
    <Step Id="power_opt_design"/>
    <Step Id="place_design"/>
    <Step Id="post_place_power_opt_design"/>
    <Step Id="phys_opt_design"/>
    <Step Id="route_design"/>
    <Step Id="post_route_phys_opt_design"/>
    <Step Id="write_bitstream"/>
  </Strategy>
</GenRun>
